1,Honor,Bentley,31,Masculino,20958,32133899,Tandil
2,Alana,Chambers,18,Masculino,46910,34664072,San Cayetano
3,Chandler,Chambers,40,Femenino,12550,9425891,Las Flores
4,Eaton,Patton,28,Femenino,38780,6745763,Las Flores
5,Richard,Leach,45,Femenino,31237,38374147,Juarez
6,Seth,Salinas,24,Femenino,30263,20520593,San Cayetano
7,Moses,Nolan,18,Masculino,23218,37237948,Necochea
8,Lani,Bray,35,Masculino,22239,27037680,Tres Arroyos
9,Linus,Sims,35,Femenino,44901,38312999,Coronel Suarez
10,Chelsea,Beach,20,Femenino,25254,1393437,San Cayetano
11,Buckminster,Franks,33,Masculino,23787,21746204,San Cayetano
12,Edward,Schultz,24,Femenino,13229,37015416,Chaves
13,Javier,Oneil,22,Femenino,25721,9901907,Loberia
14,Moses,Marks,18,Masculino,49850,15950930,Olavarria
15,Sebastian,Gallegos,31,Masculino,24920,35027814,San Cayetano
16,Juan,Ferreira,21,Femenino,21161,41445572,Bolivar
17,Aladdin,Robles,19,Masculino,27126,23933989,Coronel Suarez
18,Abad,Dixon,30,Masculino,46262,1455505,Balcarce
19,Irma,Vance,19,Femenino,18107,33041850,Chaves
20,Malik,Justice,23,Femenino,17154,42269608,Coronel Suarez
21,Iris,Wells,30,Masculino,45286,11007294,Rauch
22,Carolina,Brognio,33,Femenino,40608,41962781,Necochea
23,Mikayla,Landry,42,Masculino,49503,11464281,Chaves
24,Richard,Camacho,36,Masculino,20020,15940304,Azul
25,Maria,Harrison,39,Masculino,11287,2879278,Ayacucho
26,Cole,Raymond,41,Femenino,34317,30235856,San Cayetano
27,Matias,Vance,19,Masculino,40200,16725226,Tres Arroyos
28,Carlos,Golden,42,Masculino,13510,17404414,Bolivar
29,Edan,Oneil,22,Femenino,20119,23464431,Chaves
30,Simon,Golden,45,Femenino,15746,36307586,Olavarria
31,Ira,Cooper,41,Masculino,25245,39226474,Olavarria
32,Iris,Vance,42,Masculino,37034,34666077,Chaves
33,Hop,Golden,29,Femenino,22946,12349448,San Cayetano
34,Devin,Caldwell,28,Femenino,40207,38085094,Las Flores
35,Eaton,Brown,24,Femenino,16788,37155369,Tandil
36,Jolie,Salinas,22,Masculino,21197,1517760,Loberia
37,Carola,Buckley,41,Masculino,36748,23104052,Bolivar
38,Gabriel,Harrison,29,Femenino,35060,1783569,Tandil
39,Carolina,Ray,42,Femenino,28731,22830511,Balcarce
40,Cole,Hale,28,Femenino,17360,19508886,San Cayetano
41,Gage,Oneil,39,Masculino,11627,19250534,Azul
42,Violet,Duran,25,Femenino,43780,17500421,Tandil
43,Chelsea,Johnston,39,Femenino,10875,33715259,Coronel Suarez
44,Domingo,Dale,34,Masculino,36979,44336906,Las Flores
45,Carolina,Gandara,31,Masculino,41168,2321301,Bolivar
46,Cecilia,Dale,23,Femenino,28857,28296103,Olavarria
47,Devin,Santiguez,36,Femenino,49987,38516902,Juarez
48,Matias,Mckee,42,Femenino,11893,34991559,Las Flores
49,Domingo,Santiguez,40,Femenino,45000,43381149,Coronel Suarez
50,Candace,Pires,33,Femenino,28143,33934509,Chaves
51,Gage,Clemons,29,Femenino,43370,44752453,Tandil
52,Emerson,Chambers,31,Femenino,10794,20760127,Tandil
53,Jolie,Bentley,45,Masculino,35268,37519725,Balcarce
54,Maisie,Conner,28,Masculino,42710,35353545,San Cayetano
55,Abad,Mooney,27,Femenino,17437,1806310,Juarez
56,Iris,Cooper,21,Femenino,39975,11409940,Tandil
57,Tad,Landry,18,Femenino,39999,3129602,Balcarce
58,Carolina,Dixon,22,Femenino,46512,19385547,Balcarce
59,Nomlanga,Hardy,37,Femenino,29452,29430676,Azul
60,Lance,Travis,22,Masculino,38037,13304016,San Cayetano
61,Matthew,Callahan,25,Masculino,16376,44076561,Chaves
62,Iris,Marsh,44,Masculino,29158,23227484,Tres Arroyos
63,Richard,Camacho,27,Femenino,35009,16246397,San Cayetano
64,Fiona,Copeland,40,Femenino,44641,5676632,Chaves
65,Damian,Sanford,37,Masculino,45760,26741183,Balcarce
66,Lizete,Schultz,42,Masculino,12772,34872389,Olavarria
67,Phoebe,Raymond,31,Femenino,26999,33290053,Olavarria
68,Shafira,Herring,23,Masculino,22403,22197762,Balcarce
69,Erin,Franks,38,Masculino,39783,11164538,Loberia
70,Alma,Marks,28,Femenino,42431,11356266,Ayacucho
71,Damian,Humphrey,20,Femenino,33722,8422355,Juarez
72,Talon,Salinas,26,Femenino,38979,27888702,Juarez
73,Ines,Sutton,37,Masculino,23188,12165737,Olavarria
74,Lizete,Pratt,35,Femenino,36893,10648704,Chaves
75,Lamar,Gandara,21,Femenino,44439,8863623,Balcarce
76,Edan,Da Costa,43,Femenino,32908,7615880,Necochea
77,Vera,Owen,22,Femenino,34072,30515290,Loberia
78,Lacy,Raymond,38,Masculino,22296,36120743,Las Flores
79,Cecilia,Camacho,21,Masculino,10133,24653817,Loberia
80,Mikayla,Schultz,34,Femenino,32192,5585747,Tandil
81,Halee,Lott,36,Femenino,36016,32645723,Chaves
82,Ines,Leach,28,Femenino,16238,42560032,Juarez
83,Shafira,Dinis,29,Femenino,25353,15247802,Necochea
84,Cole,Nolan,37,Femenino,28651,9290735,Chaves
85,Haviva,Pires,27,Femenino,49114,13559577,Loberia
86,Norman,Guzman,42,Masculino,43127,21671111,Chaves
87,Margaret,Bray,40,Femenino,33950,35350778,Ayacucho
88,Malcolm,Hardy,38,Masculino,13969,30614758,Necochea
89,Richard,Golden,43,Femenino,18191,42554887,Olavarria
90,Linus,Stark,19,Femenino,43909,12497652,Olavarria
91,Cole,Landry,29,Femenino,37198,42274433,Tres Arroyos
92,Carolina,Farley,20,Masculino,34938,12096308,Chaves
93,Kiayada,Hobbs,30,Masculino,26563,9729459,San Cayetano
94,Shafira,Terrell,33,Femenino,34280,5433791,Bolivar
95,Lacy,Mueller,41,Masculino,17172,31151201,Balcarce
96,Damian,Talley,43,Masculino,45754,37068129,San Cayetano
97,Malik,Travis,32,Femenino,12444,20747713,Azul
98,Devin,Sutton,38,Femenino,45181,27453183,Bolivar
99,Jolie,Clemons,18,Femenino,21454,29882103,Rauch
100,Phoebe,Stevenson,37,Femenino,24340,25544590,Ayacucho
101,Fiona,Franks,40,Femenino,32700,34857567,Chaves
102,Adria,Lopez,19,Masculino,27877,28277211,Juarez
103,Haviva,Knight,37,Masculino,47110,23312955,San Cayetano
104,Emerson,Landry,44,Masculino,37498,40711286,Coronel Suarez
105,Vera,Herring,44,Femenino,24866,35229815,Azul
106,Buckminster,Santiguez,32,Femenino,23151,29027784,Las Flores
107,Erin,Patton,27,Masculino,32591,7234369,Ayacucho
108,Lance,Gray,40,Masculino,46301,23886024,Azul
109,Robert,Hardy,43,Masculino,23461,37758643,Las Flores
110,Tad,Justice,45,Masculino,40086,17665427,Rauch
111,Herman,Alvarado,18,Femenino,15603,9782738,Bolivar
112,Gay,Gandara,25,Femenino,38509,22666293,Chaves
113,Linus,Powell,38,Femenino,10350,30509411,Necochea
114,Robert,McKenzie,22,Femenino,24682,2199920,Chaves
115,Dominique,Humphrey,44,Femenino,23141,24282549,Necochea
116,Phoebe,Pratt,27,Masculino,38860,17655388,San Cayetano
117,Aladdin,Blankenship,34,Masculino,21504,30828502,Coronel Suarez
118,Shafira,Flores,30,Masculino,21994,3078482,Azul
119,Moses,Buckley,24,Femenino,46816,23114652,Olavarria
120,Seth,Harrison,41,Masculino,40964,40267865,Olavarria
121,Carlos,Callahan,34,Masculino,33745,25940056,Juarez
122,Cecilia,Farley,29,Masculino,27724,33105544,San Cayetano
123,Jolie,Avila,38,Masculino,42277,41220738,Bolivar
124,Emerson,Mckee,33,Femenino,46117,12854529,Necochea
125,Kiayada,Camacho,18,Femenino,35152,27245562,Ayacucho
126,Matthew,Talley,27,Masculino,46166,6528403,Tandil
127,Silvia,Knight,26,Femenino,35911,36961077,Olavarria
128,Alma,Owen,24,Masculino,24707,20158178,Juarez
129,Nomlanga,Duran,26,Masculino,21548,22714770,Juarez
130,Juan,Oneil,36,Femenino,41133,2134627,Necochea
131,India,Franks,38,Femenino,45196,39830702,Bolivar
132,Seth,Sims,37,Femenino,15001,19113361,Loberia
133,Haviva,Browning,31,Masculino,19058,7710112,Coronel Suarez
134,Emerson,Newton,40,Femenino,24982,13149750,Necochea
135,Chelsea,Salinas,44,Masculino,20984,44408501,Juarez
136,Brenna,Justice,36,Masculino,21905,13636903,Chaves
137,Juan,Lopez,29,Femenino,49001,23121729,Rauch
138,Lizete,Walker,45,Masculino,38056,23597957,Chaves
139,Vera,Fernandez,39,Femenino,40672,18464319,Loberia
140,Xantha,Murphy,30,Masculino,34967,16320529,Tandil
141,Tad,Guzman,31,Masculino,26431,19206471,Bolivar
142,Matthew,Schultz,42,Masculino,26857,43593610,Tres Arroyos
143,Talon,Ferreira,29,Femenino,40583,19180975,Juarez
144,Aurora,Schultz,35,Femenino,30164,40832853,Juarez
145,Chelsea,Pratt,38,Femenino,37414,7221671,Ayacucho
146,Harding,Brown,39,Femenino,33995,38568064,Bolivar
147,Talon,Talley,29,Masculino,34129,25161200,Chaves
148,Vera,Raymond,41,Masculino,14182,19165141,Necochea
149,Nomlanga,Marks,32,Masculino,32678,37423182,Chaves
150,Nomlanga,Gould,24,Masculino,26410,10503965,Las Flores
151,Cole,Bentley,33,Masculino,19150,7283826,Balcarce
152,Dennis,Copeland,19,Femenino,12700,19013648,Necochea
153,Carlos,Santiguez,26,Masculino,26574,29657180,Tres Arroyos
154,Norman,Gates,24,Masculino,30624,44448246,Juarez
155,Harding,Dale,35,Masculino,33554,43949164,Juarez
156,Acton,Chavez,45,Masculino,35826,39580979,Las Flores
157,Aaron,Sanford,29,Femenino,40289,23816408,Olavarria
158,Zahir,Franks,20,Masculino,14713,15905325,San Cayetano
159,Edward,Sims,25,Femenino,32758,38210305,Juarez
160,Carola,Sims,35,Masculino,34159,18499827,Balcarce
161,Abraham,Del Castillo,33,Masculino,37082,40853991,Tres Arroyos
162,Pandora,Cooper,34,Femenino,36476,2973530,Rauch
163,Iris,Salinas,45,Masculino,35619,42125221,Balcarce
164,Seth,Ferreira,44,Femenino,48078,20834596,San Cayetano
165,Vera,White,27,Femenino,44828,6051700,Balcarce
166,Honor,Camacho,38,Masculino,45683,5280520,Loberia
167,Desirae,Copeland,42,Masculino,37446,37583815,Azul
168,Ines,Schultz,25,Masculino,30672,5599783,Tres Arroyos
169,Edan,Johnston,45,Masculino,27448,11424482,Balcarce
170,Robert,Buckley,44,Femenino,25573,12297539,Chaves
171,Lance,Buckley,44,Femenino,39339,15464713,Necochea
172,Malik,Owen,28,Masculino,31390,3148702,Azul
173,Eden,Talley,36,Masculino,11855,21509258,Balcarce
174,Halee,Hall,40,Femenino,44723,26467589,Coronel Suarez
175,Alana,Davenport,36,Femenino,32536,21658384,Azul
176,Kiayada,Blackwell,44,Femenino,42751,38731950,Coronel Suarez
177,Neville,Harmon,42,Femenino,20808,29733518,Chaves
178,Acton,Robles,28,Femenino,25107,25769121,Rauch
179,Buckminster,Del Castillo,34,Masculino,24611,10656279,Tandil
180,Harding,Heath,43,Femenino,36653,3302249,Ayacucho
181,Halee,Mckee,30,Masculino,24642,37287873,Coronel Suarez
182,Halee,Chavez,38,Masculino,15717,31054648,San Cayetano
183,Emma,Gould,24,Masculino,41243,32850029,Juarez
184,Alana,Johnston,42,Masculino,29604,11450634,Las Flores
185,Pandora,Santiguez,30,Masculino,46091,9736768,Bolivar
186,Acton,White,40,Masculino,13254,31552676,Ayacucho
187,Maria,Hall,30,Femenino,42999,27610283,Rauch
188,Linus,Nolan,30,Masculino,17818,21398619,Balcarce
189,Gay,Chavez,45,Masculino,12501,14892687,Olavarria
190,Patrick,Ferreira,40,Femenino,12446,6501644,Loberia
191,Katelyn,Gallegos,27,Femenino,20943,31021670,Rauch
192,Stephanie,Salinas,44,Femenino,33487,18041908,Ayacucho
193,Barry,Sims,36,Femenino,28482,14951710,Ayacucho
194,Eden,Hardy,30,Masculino,38229,41396080,Tres Arroyos
195,Malik,Buchanan,34,Masculino,18066,21838381,San Cayetano
196,Phoebe,Murphy,28,Femenino,32609,29543310,Rauch
197,Talon,Harmon,45,Masculino,39604,35941953,Juarez
198,Erin,Gill,28,Masculino,10539,11767927,San Cayetano
199,Georgia,Blackwell,40,Masculino,25436,9994262,Necochea
200,Tad,Golden,30,Femenino,32654,19305958,Olavarria
201,Honor,Hensley,39,Masculino,14042,25371412,Tandil
202,Hop,Perez,38,Masculino,19658,36200102,Las Flores
203,Gay,Oneil,23,Masculino,22648,19051873,Juarez
204,Aurora,Montoya,27,Femenino,34878,27122560,Las Flores
205,Richard,Santiguez,23,Femenino,24095,21977904,Ayacucho
206,Moses,Harrison,41,Masculino,26055,6774491,Balcarce
207,Gage,Franks,25,Masculino,31545,6506781,Olavarria
208,Fiona,Brognio,33,Femenino,31530,37492314,Loberia
209,Robert,Callahan,43,Masculino,43296,43681303,Olavarria
210,Tad,Farley,30,Masculino,23382,26993240,Chaves
211,Haviva,Oneil,18,Femenino,10370,14676499,Balcarce
212,Abad,Leach,44,Masculino,12229,39324272,Tandil
213,Damian,Marks,28,Femenino,47381,37816943,Tandil
214,Seth,Marsh,32,Masculino,36768,33979873,Bolivar
215,Yetta,Callahan,19,Masculino,12397,30197741,Coronel Suarez
216,Dennis,Avila,32,Femenino,26682,17904332,Juarez
217,Damian,Flores,37,Masculino,38666,2689054,Tres Arroyos
218,Damian,Santiguez,28,Masculino,10762,6665862,Bolivar
219,Maria,Lott,30,Masculino,28777,42731331,Loberia
220,Ira,Guzman,31,Masculino,32494,34092675,Las Flores
221,MacKensie,Owen,24,Masculino,23412,32624271,Necochea
222,Vera,Raymond,24,Masculino,32279,7298519,Las Flores
223,Jolie,Lindsey,28,Femenino,49732,41730875,Tandil
224,Emerson,Bray,29,Masculino,17185,38639387,Necochea
225,Cole,Camacho,30,Femenino,40573,41827750,Coronel Suarez
226,Ira,Montoya,26,Masculino,33605,16767569,Necochea
227,Kiayada,Callahan,28,Masculino,31403,21069421,Olavarria
228,Shafira,Alvarado,41,Femenino,12634,6458126,Necochea
229,Emerson,Blankenship,32,Masculino,27815,30048121,Necochea
230,Alana,Knight,33,Masculino,49018,38940622,Las Flores
231,Malcolm,Dale,30,Masculino,47576,29537667,Balcarce
232,Katelyn,Leach,42,Masculino,37984,27881126,San Cayetano
233,Hop,Buckley,30,Masculino,17054,23342474,Loberia
234,Cheyenne,Murphy,36,Femenino,15779,39021689,Balcarce
235,Lizete,Gould,42,Femenino,16145,42127861,Chaves
236,Vera,Wells,32,Masculino,33708,8333437,Las Flores
237,Dean,Dixon,25,Femenino,36711,37698761,Chaves
238,Brenna,Domenech,23,Femenino,16256,11902245,Las Flores
239,Aurora,Dale,40,Femenino,19640,27599358,Rauch
240,Neville,Patton,43,Femenino,44834,42510235,Tandil
241,Edan,Walker,37,Femenino,41751,16720513,Coronel Suarez
242,Dominique,Ray,18,Masculino,32638,1560794,Balcarce
243,Honor,Santiguez,30,Femenino,27256,37284915,Juarez
244,Edward,Robles,41,Femenino,35442,44218165,Azul
245,Linus,Gill,35,Masculino,35070,8407413,Balcarce
246,Carola,Patton,24,Femenino,49204,7584716,Balcarce
247,Adria,Hays,23,Masculino,12762,15241108,Chaves
248,Gabriel,Ray,42,Masculino,49423,26550088,Loberia
249,Halee,Camacho,32,Femenino,45089,30675291,San Cayetano
250,Malik,Perez,41,Femenino,49318,25637174,Coronel Suarez
251,Abraham,Sims,25,Femenino,48333,31471868,Azul
252,MacKensie,Sims,32,Masculino,14044,27002240,Balcarce
253,Devin,Talley,31,Femenino,24449,21450252,Olavarria
254,Patrick,Copeland,25,Femenino,35295,11572142,Bolivar
255,Alma,Rodriguez,26,Femenino,18754,1260951,Rauch
256,Eden,Caldwell,21,Masculino,33270,37513720,Ayacucho
257,Tad,Dixon,28,Masculino,33522,42344204,Las Flores
258,Preston,Gray,38,Masculino,49034,42112132,Olavarria
259,Aurora,Harrison,37,Femenino,23612,25637258,Tandil
260,Linus,Pratt,37,Masculino,16834,42810368,Olavarria
261,Desirae,Hobbs,45,Masculino,29935,30672626,Rauch
262,Erin,Dinis,37,Femenino,49755,3345976,Olavarria
263,Brenna,Hays,19,Masculino,37002,36266226,Chaves
264,Maisie,Mueller,23,Masculino,18977,12468497,Loberia
265,Ira,Lopez,37,Masculino,41657,26510534,Coronel Suarez
266,Kieran,Harmon,20,Femenino,12440,20378049,Loberia
267,Seth,Mckee,19,Masculino,14946,44811153,Balcarce
268,Honor,Montoya,19,Femenino,37278,2178585,Balcarce
269,Ira,Brognio,22,Masculino,16173,26598676,Chaves
270,Lamar,Callahan,43,Masculino,26535,13665554,Olavarria
271,Lamar,Dinis,23,Femenino,20139,39440094,Loberia
272,Malcolm,Herring,38,Femenino,47456,39984922,Rauch
273,Halee,Hall,37,Femenino,12126,5209553,Tres Arroyos
274,Abraham,Justice,23,Masculino,19172,4717103,Necochea
275,Gage,Hernandez,35,Femenino,31778,24467098,Loberia
276,Ines,Conner,42,Masculino,44036,43404395,Loberia
277,Desirae,Humphrey,23,Masculino,32285,25161495,Loberia
278,Alana,Heath,45,Masculino,40726,7093469,Chaves
279,Gage,Gill,31,Masculino,45170,37710856,Coronel Suarez
280,Roth,Brognio,38,Masculino,19690,12685939,Tres Arroyos
281,Gabriel,Brewer,42,Masculino,48029,17629030,Chaves
282,Matthew,Rush,44,Masculino,32639,40050547,Rauch
283,Damian,Foster,40,Masculino,41478,7229445,Azul
284,Maria,Hall,33,Femenino,27610,42661872,Rauch
285,Maria,Powell,28,Femenino,35553,7438991,Azul
286,Aaron,Guzman,43,Femenino,48520,27494724,Loberia
287,Mikayla,Rush,35,Masculino,22350,24646681,Tandil
288,India,Bentley,19,Masculino,11666,42663201,Tres Arroyos
289,Dennis,Hardy,34,Femenino,12806,8764236,Balcarce
290,Mikayla,Bray,32,Femenino,19186,36182455,Tres Arroyos
291,Chandler,Farley,31,Masculino,37375,37923658,Chaves
292,Matthew,Marks,27,Femenino,38185,12823164,Rauch
293,Hop,Gates,22,Femenino,13694,33330603,Juarez
294,Carola,Johnston,42,Femenino,20832,4088564,Olavarria
295,Lance,Mooney,38,Masculino,24201,15148422,Bolivar
296,Lizete,Chambers,35,Masculino,41025,10776647,San Cayetano
297,Malik,Rush,23,Masculino,22383,40437658,Necochea
298,Henry,Ray,29,Femenino,22705,24791861,Chaves
299,Honor,Talley,38,Femenino,11827,31917291,Las Flores
300,Emerson,Owen,36,Masculino,38254,30277772,Ayacucho
301,Malik,Conner,43,Femenino,35575,18460026,Necochea
302,Chandler,Ferreira,43,Femenino,16675,28181882,Chaves
303,Richard,Montoya,23,Femenino,46984,6963168,Necochea
304,India,Blackwell,38,Masculino,34057,4403844,San Cayetano
305,Abraham,Copeland,41,Femenino,24414,12843537,Chaves
306,Domingo,Hays,39,Femenino,25787,4177158,San Cayetano
307,Abad,Buckley,28,Femenino,11686,34049293,Chaves
308,Robert,Hardy,23,Masculino,43627,4391031,Rauch
309,Carl,Sims,43,Femenino,30212,32339125,Chaves
310,Katelyn,Rodriguez,38,Masculino,32370,38263103,Las Flores
311,Steel,Cervantes,20,Masculino,26973,8991203,Necochea
312,Eaton,Hernandez,33,Masculino,31627,36555463,Coronel Suarez
313,Violet,Brewer,20,Masculino,29496,22927423,Juarez
314,Edward,Gandara,30,Femenino,38516,23106706,Chaves
315,Adria,Mckee,26,Masculino,23475,26195270,Juarez
316,Buckminster,Marsh,38,Femenino,36420,9393200,Chaves
317,Emerson,Brognio,43,Femenino,23895,15778145,Tandil
318,Violet,Stevenson,23,Masculino,32692,8285469,Las Flores
319,Cecilia,Caldwell,19,Masculino,23896,44509000,Azul
320,Devin,Pratt,43,Masculino,42619,34423317,Olavarria
321,Pandora,Rodriguez,37,Masculino,49174,44060860,Tandil
322,MacKensie,Hobbs,28,Masculino,26000,27279517,Coronel Suarez
323,Damian,Bray,26,Femenino,45658,29266388,Juarez
324,Graham,Landry,24,Masculino,23602,26040552,Tres Arroyos
325,Henry,Johnston,38,Femenino,15288,16477430,Olavarria
326,Desirae,Chambers,42,Masculino,20057,36718631,Balcarce
327,Gay,Nolan,25,Masculino,13850,4580938,Balcarce
328,Norman,Dinis,29,Femenino,43494,1377367,San Cayetano
329,Gisela,Avila,32,Masculino,45586,31421400,Las Flores
330,Lizete,Hardy,34,Masculino,15720,10249959,Tandil
331,Gabriel,Patton,39,Femenino,35311,29989562,Tres Arroyos
332,Simon,Pratt,32,Masculino,24716,9939885,Loberia
333,Gisela,Nolan,34,Masculino,38341,37885764,Rauch
334,Moses,Gates,20,Femenino,47816,7697419,Balcarce
335,Candace,Pratt,24,Masculino,24071,26282383,Coronel Suarez
336,Carl,Shaeleigh,41,Femenino,32561,4578092,Olavarria
337,Maisie,Chavez,40,Masculino,47605,35438077,Azul
338,Abad,Walker,29,Masculino,15808,14220354,Chaves
339,Dominique,Hardy,41,Masculino,26560,18366587,Tandil
340,Gisela,Patton,21,Femenino,22346,31777852,Tres Arroyos
341,Stewart,Harrison,33,Masculino,12860,8960513,Tandil
342,Steel,Chambers,21,Masculino,13777,39546755,Loberia
343,Phoebe,Dinis,22,Femenino,31879,22706777,Juarez
344,Eaton,Shaeleigh,45,Femenino,17550,1720627,Tandil
345,Matthew,Travis,21,Femenino,38305,4212499,Balcarce
346,Haviva,Leach,38,Femenino,25333,18855402,Tres Arroyos
347,Maria,Gandara,37,Femenino,48125,38459866,Bolivar
348,Lani,Brognio,36,Femenino,38945,26646523,Balcarce
349,Desirae,Schultz,41,Femenino,32581,43014715,Tandil
350,Cecilia,Copeland,40,Femenino,40041,12311554,Bolivar
351,Desirae,Dixon,29,Masculino,20147,24879419,Coronel Suarez
352,Silvia,Copeland,40,Masculino,25081,13177095,Las Flores
353,Georgia,Leach,25,Femenino,28598,17975730,Azul
354,Georgia,Conner,21,Masculino,27697,30022309,Olavarria
355,Dominique,Walker,39,Femenino,37301,34702392,Azul
356,Richard,Chambers,38,Masculino,33594,14606576,Bolivar
357,Buckminster,Flores,29,Masculino,30592,25986279,Azul
358,Henry,Browning,39,Femenino,15227,24670572,Juarez
359,Carola,Gray,20,Femenino,31646,28250573,Olavarria
360,Stewart,Sutton,44,Masculino,30627,17953518,San Cayetano
361,Aaron,Davenport,35,Masculino,21901,1391090,Azul
362,Gage,Clemons,44,Femenino,28237,34310560,Ayacucho
363,Alana,Rush,33,Masculino,37747,31479648,San Cayetano
364,Talon,White,35,Masculino,42313,44979535,Rauch
365,Emery,Hardy,37,Masculino,11938,38214447,Rauch
366,Abraham,Owen,42,Femenino,45217,6163066,Necochea
367,Brenna,Marsh,23,Femenino,34597,18390565,San Cayetano
368,Fiona,Hall,41,Masculino,37554,14027721,Juarez
369,Linus,Newton,26,Femenino,24649,29063069,San Cayetano
370,Vera,Avila,39,Femenino,47113,21735211,Tres Arroyos
371,Linus,Da Costa,19,Femenino,18395,12081071,Las Flores
372,Katelyn,Oneil,45,Femenino,35490,3810445,Las Flores
373,Yetta,Hardy,23,Femenino,13272,14958672,Olavarria
374,Honor,Wells,33,Masculino,48473,6607202,Coronel Suarez
375,Desirae,Guzman,19,Masculino,21785,29259526,Tres Arroyos
376,Domingo,Flores,20,Masculino,23851,37584647,Balcarce
377,Harding,Chambers,19,Masculino,27528,29162463,Coronel Suarez
378,Javier,Salinas,35,Femenino,28592,27177628,Rauch
379,Juan,Doyle,23,Femenino,20850,12868741,Tres Arroyos
380,Alana,Justice,32,Masculino,16044,4292411,Loberia
381,Malik,Wells,44,Masculino,39369,40245078,Loberia
382,Talon,Lott,26,Femenino,22054,23739097,Tandil
383,Talon,Marsh,34,Femenino,15570,10774440,Coronel Suarez
384,Asher,Bray,34,Masculino,45120,34215460,Juarez
385,Tad,Hardy,21,Femenino,12246,22427936,Rauch
386,Emery,Copeland,19,Masculino,37816,20667563,Azul
387,Stephanie,Bray,23,Masculino,32600,39660949,Loberia
388,Abad,Hardy,43,Femenino,11905,32294392,Olavarria
389,Dominique,Montoya,34,Femenino,36369,7775644,Tres Arroyos
390,Seth,Davenport,24,Masculino,34410,36851414,Rauch
391,Simon,Patton,26,Femenino,21146,37946155,Rauch
392,Kiayada,Travis,38,Femenino,32438,11696876,Rauch
393,Gretchen,Meyer,27,Masculino,48710,29954129,Azul
394,Steel,Brown,40,Femenino,46141,13160492,Las Flores
395,Kieran,Mooney,33,Femenino,33404,37478296,Necochea
396,Herman,Copeland,20,Masculino,26403,26683654,Necochea
397,Emery,Patton,33,Femenino,11589,21585284,Tandil
398,Deborah,Hobbs,41,Masculino,11040,5360408,Chaves
399,Dean,Marks,45,Femenino,20385,3208987,Loberia
400,Javier,Caldwell,43,Masculino,33681,38917108,Chaves
401,Lacy,Dinis,41,Femenino,37419,20526490,Rauch
402,Lani,Hays,44,Femenino,16151,10814104,Las Flores
403,Stewart,Ferreira,37,Femenino,32187,24350003,Olavarria
404,Carlos,Mueller,22,Masculino,20165,8284306,Tres Arroyos
405,Roth,Lopez,45,Masculino,19735,29281966,Balcarce
406,Lamar,Lopez,26,Masculino,29133,40180340,Juarez
407,Carolina,White,33,Femenino,28617,3115631,San Cayetano
408,Malik,Hale,32,Masculino,16892,16864828,Balcarce
409,Carl,Blankenship,37,Masculino,21965,16412977,Bolivar
410,Candace,Buckley,30,Femenino,47437,31117850,Loberia
411,Stephanie,Blackwell,22,Femenino,41786,29028052,Las Flores
412,Brenna,Camacho,39,Femenino,48117,13663309,Las Flores
413,Gabriel,White,43,Femenino,25371,38655035,Coronel Suarez
414,Haviva,Bentley,25,Femenino,47258,3134144,Coronel Suarez
415,Yetta,Davenport,23,Femenino,46682,13519964,Coronel Suarez
416,Pandora,Flores,40,Femenino,44308,34547577,Azul
417,Cole,Flores,24,Masculino,46436,5672784,Chaves
418,Irma,Shaeleigh,35,Femenino,34224,10979476,Azul
419,Veda,Gandara,35,Masculino,28895,9006837,Rauch
420,Malcolm,Gandara,38,Masculino,45171,38885364,Azul
421,Emery,Humphrey,19,Masculino,21481,1786889,Olavarria
422,Devin,Hardy,43,Femenino,46212,34379288,Balcarce
423,Stefani,Franks,22,Femenino,30603,42520450,Loberia
424,Eden,Gallegos,18,Masculino,35614,31255994,Balcarce
425,Iris,Lopez,24,Masculino,22593,20792264,San Cayetano
426,Deborah,Buchanan,18,Masculino,15965,17222418,Ayacucho
427,Jolie,Domenech,33,Femenino,46553,23795983,Las Flores
428,Patrick,Hays,43,Masculino,44210,34128098,Loberia
429,Damian,Hays,27,Masculino,33979,38553174,Necochea
430,Dominique,Knight,39,Femenino,47117,14777692,Bolivar
431,Shafira,Newton,36,Masculino,11226,34186784,Azul
432,Gretchen,Shaeleigh,39,Masculino,29045,37940299,Coronel Suarez
433,Simon,Conner,27,Masculino,41668,9808179,Azul
434,Sebastian,Ray,27,Femenino,11970,42097985,Balcarce
435,Eaton,Bentley,18,Femenino,46516,29543974,Las Flores
436,Adria,Brown,25,Masculino,19942,44798948,Tres Arroyos
437,Shafira,Pratt,44,Masculino,11991,17946642,Ayacucho
438,Tad,Harmon,25,Femenino,42865,10688651,Balcarce
439,Deborah,Johnston,30,Femenino,26162,33442430,Rauch
440,Haviva,Robles,21,Femenino,18908,3815427,Las Flores
441,Deborah,Bray,34,Femenino,15601,13028455,Olavarria
442,Matthew,Herring,25,Masculino,21176,35166235,Balcarce
443,Barry,Bates,21,Femenino,38861,29860262,Tres Arroyos
444,Maisie,Walker,44,Masculino,42244,36345137,Coronel Suarez
445,Gabriel,Franks,23,Masculino,13775,23209841,Necochea
446,Vera,Ferreira,24,Masculino,48984,36613637,Azul
447,Chandler,Bates,43,Masculino,16379,38425707,Tres Arroyos
448,Aurora,Ray,39,Masculino,18128,21061214,Coronel Suarez
449,Emma,Domenech,37,Femenino,22597,30610596,Las Flores
450,Gay,Hale,23,Femenino,38151,1649442,Balcarce
451,Nomlanga,Franks,39,Masculino,36156,14633503,Tres Arroyos
452,Preston,Flores,27,Femenino,32558,2098171,Tres Arroyos
453,Stefani,Montoya,22,Masculino,28105,40311781,Loberia
454,Carl,Pratt,19,Masculino,10053,22471904,Rauch
455,Vera,Cooper,44,Femenino,49799,28802087,Loberia
456,Aurora,Boyd,24,Masculino,44409,19434043,Ayacucho
457,Dominique,Bray,36,Masculino,21803,28407897,Coronel Suarez
458,Eaton,Ray,19,Femenino,26423,8312063,Ayacucho
459,Deborah,Camacho,31,Masculino,29552,5593580,Ayacucho
460,Nomlanga,Mccoy,43,Femenino,26963,44644252,San Cayetano
461,Ira,Doyle,23,Femenino,20972,23453740,Las Flores
462,Barry,Patton,39,Femenino,27724,7235802,Las Flores
463,Jolie,Lott,32,Masculino,44214,12450360,Rauch
464,Devin,Rodriguez,37,Femenino,18606,28356367,Coronel Suarez
465,Phoebe,Powell,34,Femenino,11992,14843629,San Cayetano
466,Desirae,Oneil,35,Femenino,40236,36471118,Juarez
467,MacKensie,Meyer,28,Masculino,14137,12715071,Ayacucho
468,Emerson,Farley,35,Femenino,19501,44561993,Necochea
469,Cheyenne,Schultz,25,Masculino,47449,13039372,Ayacucho
470,Georgia,Golden,31,Masculino,26472,22204694,Ayacucho
471,Erin,Oneil,26,Femenino,11907,31495319,Necochea
472,MacKensie,Sanford,40,Masculino,13900,12600497,Loberia
473,Buckminster,Heath,24,Masculino,39065,44923350,Loberia
474,Damian,Dixon,31,Masculino,15807,26890875,Tandil
475,Talon,Guzman,24,Femenino,10886,23109811,San Cayetano
476,Edward,Rollins,37,Femenino,29344,30518891,Balcarce
477,Aladdin,Rodriguez,29,Femenino,38548,36294250,Rauch
478,Carolina,Lopez,45,Femenino,23148,14146394,Coronel Suarez
479,Margaret,Brognio,32,Masculino,18286,35809616,Las Flores
480,Herman,Sims,45,Femenino,24368,6833083,Ayacucho
481,Emerson,Lopez,18,Femenino,27233,18445485,Chaves
482,Edward,Terrell,23,Femenino,43207,34265772,Necochea
483,MacKensie,Leach,34,Femenino,42569,23606217,San Cayetano
484,Neville,Caldwell,40,Femenino,45419,10467911,Olavarria
485,Talon,Knight,18,Femenino,42933,13470030,Loberia
486,India,Bates,27,Masculino,16445,38085032,Olavarria
487,Maria,McKenzie,35,Femenino,16883,24857461,Loberia
488,Desirae,Nolan,20,Femenino,31548,15036671,Necochea
489,Gabriel,Leach,20,Masculino,18713,26420354,Las Flores
490,Cheyenne,Franks,44,Femenino,19928,25745443,Las Flores
491,Alma,Lott,25,Masculino,30937,25363014,Balcarce
492,India,Davenport,42,Masculino,32055,5635623,Ayacucho
493,Nomlanga,Cervantes,32,Femenino,33316,34918375,San Cayetano
494,Carolina,Lopez,39,Masculino,42359,40664237,Juarez
495,Jolie,Ferreira,42,Femenino,13078,37502806,Olavarria
496,Carolina,Cooper,24,Masculino,37581,27774756,Juarez
497,Gage,Hernandez,32,Femenino,16793,39657778,San Cayetano
498,Dennis,Hensley,42,Femenino,37259,7705793,Rauch
499,Chandler,Farley,32,Femenino,32563,26015043,Ayacucho
500,Deborah,Landry,25,Masculino,29279,32543280,Tres Arroyos
501,Veda,Powell,35,Masculino,37393,27469791,Coronel Suarez
502,India,Dinis,28,Masculino,31737,11364568,Tres Arroyos
503,Carolina,Gandara,34,Femenino,18875,18354671,Balcarce
504,Gisela,Pratt,25,Femenino,23539,39416742,San Cayetano
505,Patrick,Del Castillo,32,Femenino,37093,22033442,San Cayetano
506,Aurora,Schultz,37,Femenino,20540,37120015,Bolivar
507,Devin,Powell,38,Masculino,40641,30998780,Juarez
508,Stephanie,Foster,21,Masculino,31319,8252244,Necochea
509,Edward,Boyd,37,Femenino,43149,29502549,Tres Arroyos
510,Asher,Talley,26,Masculino,36019,19604089,Azul
511,Patrick,Knight,44,Femenino,31078,38172282,Las Flores
512,Gage,Pires,37,Femenino,41523,2189202,Loberia
513,Margaret,Gallegos,36,Femenino,21881,28894159,Loberia
514,Matias,Lindsey,33,Femenino,34409,35233424,Necochea
515,Juan,Oneil,42,Femenino,30119,3855243,Chaves
516,Honor,Beach,43,Masculino,16939,2975190,Chaves
517,Aurora,Mccoy,21,Femenino,18395,27436833,Tres Arroyos
518,Gary,Flores,22,Femenino,37258,17100974,San Cayetano
519,Gisela,Landry,24,Masculino,35210,42802657,Chaves
520,Javier,Sanford,34,Femenino,19121,15269851,Olavarria
521,Candace,Beach,37,Femenino,42286,37212191,Tandil
522,Phoebe,Stark,20,Femenino,34116,32996086,San Cayetano
523,Hop,Davenport,26,Masculino,13501,20457932,Balcarce
524,Cheyenne,Powell,20,Masculino,35183,4944454,Juarez
525,MacKensie,Chavez,34,Masculino,34360,25539274,Tandil
526,Henry,Blackwell,24,Femenino,48509,40427084,Coronel Suarez
527,Javier,Alvarado,29,Femenino,47527,24273315,San Cayetano
528,Mikayla,Meyer,39,Masculino,24838,6890638,Loberia
529,Dennis,Meyer,37,Femenino,23235,9648794,Olavarria
530,Aurora,Brognio,23,Masculino,14015,43257071,Olavarria
531,Yetta,Walker,31,Femenino,44651,37063462,Juarez
532,Kiayada,Da Costa,33,Masculino,20120,37778966,Chaves
533,Lizete,Pratt,45,Femenino,13196,24473039,Loberia
534,Lacy,Sanford,43,Femenino,20688,14231400,Las Flores
535,Pandora,Robles,19,Masculino,17458,29412755,Necochea
536,Carl,Salinas,37,Femenino,33060,17966366,Bolivar
537,Steel,Bray,29,Masculino,35987,4837128,Loberia
538,Desirae,Hernandez,35,Masculino,34317,35874275,Necochea
539,Robert,Hardy,45,Femenino,37954,7032551,Bolivar
540,Lizete,Conner,25,Femenino,18198,36141154,Bolivar
541,Cecilia,Knight,28,Femenino,29241,32978605,Las Flores
542,Tad,Gates,36,Masculino,41998,30962224,Necochea
543,Kieran,Foster,38,Masculino,22823,1721352,Coronel Suarez
544,Robert,Mccoy,36,Masculino,37186,16715234,Juarez
545,Lizete,Bentley,35,Masculino,13075,25744695,San Cayetano
546,Emery,Buchanan,23,Femenino,17199,21043729,Chaves
547,Stewart,Nolan,21,Femenino,40181,40819005,Ayacucho
548,Carl,Brewer,26,Femenino,41785,35225239,Balcarce
549,Cecilia,Murphy,18,Masculino,23862,29020405,Tandil
550,Chandler,Gill,44,Masculino,45997,22867045,San Cayetano
551,Tad,Stevenson,24,Femenino,40170,32565352,Azul
552,Gabriel,Gandara,33,Masculino,49486,24287732,Juarez
553,Henry,Avila,25,Masculino,30531,9725471,Ayacucho
554,Iris,Bray,30,Femenino,13369,38102269,Balcarce
555,Seth,Montoya,32,Masculino,42385,8174366,Ayacucho
556,Asher,Bentley,44,Masculino,12499,14168314,Loberia
557,Seth,Humphrey,30,Masculino,43759,16684478,Loberia
558,Jolie,Hernandez,23,Femenino,14426,30599002,Tandil
559,Margaret,Sanford,36,Femenino,22575,31916597,Azul
560,Yetta,Lopez,33,Masculino,16299,28370265,Ayacucho
561,Maria,Caldwell,29,Masculino,32210,24421870,Olavarria
562,Emma,Sutton,27,Masculino,10172,33207487,Tandil
563,Erin,Schultz,33,Femenino,29187,7265889,Tres Arroyos
564,Hop,Da Costa,39,Masculino,27925,14625625,Ayacucho
565,Tad,Chavez,26,Masculino,42534,29462294,Necochea
566,Lamar,Avila,22,Masculino,30876,6108811,Necochea
567,Alana,Hobbs,19,Femenino,27255,29810645,Las Flores
568,Roth,Sims,18,Masculino,47163,4879927,Loberia
569,Robert,Pratt,41,Femenino,41081,43826714,San Cayetano
570,Yetta,Mccoy,34,Masculino,42343,14448886,Tres Arroyos
571,Erin,Leach,25,Masculino,12799,26555474,Tandil
572,Desirae,Nolan,22,Masculino,35295,27901455,Balcarce
573,Emma,Pratt,23,Femenino,15400,29105894,Chaves
574,Gay,Boyd,27,Masculino,31385,25651102,Juarez
575,Emma,Gallegos,33,Femenino,25319,9245949,Juarez
576,Ines,Duran,28,Femenino,46455,28416853,Juarez
577,Eaton,Hale,38,Femenino,32304,3765343,Loberia
578,Malcolm,Humphrey,45,Masculino,16475,7894119,Chaves
579,Robert,Chavez,40,Femenino,49104,27037243,Loberia
580,Maria,Pratt,45,Masculino,45752,30977002,Coronel Suarez
581,Asher,Murphy,31,Masculino,46861,10589525,Coronel Suarez
582,Ira,Johnston,41,Masculino,28075,3884047,Loberia
583,Sebastian,Golden,23,Femenino,36029,21796744,San Cayetano
584,Erin,Avila,24,Masculino,46158,25090496,Las Flores
585,Haviva,Doyle,19,Masculino,12968,14808059,Balcarce
586,Ira,Mueller,44,Femenino,30342,6024228,Loberia
587,Lance,Leach,32,Masculino,43161,18981401,San Cayetano
588,Stewart,Raymond,43,Masculino,32762,37126705,Rauch
589,Nomlanga,Robles,43,Femenino,21187,21462915,Ayacucho
590,Silvia,Chavez,27,Femenino,31905,25791191,Las Flores
591,Silvia,Marsh,37,Femenino,37886,34162287,Azul
592,Emma,Talley,43,Masculino,28337,2486312,Rauch
593,Edan,Hall,40,Femenino,23296,8373005,Ayacucho
594,Haviva,Lott,41,Femenino,18113,23361795,Tres Arroyos
595,Stefani,Avila,36,Femenino,41478,24882038,Azul
596,Cheyenne,Rollins,30,Femenino,28295,37764356,Bolivar
597,Georgia,Beach,45,Masculino,35585,33831320,Balcarce
598,Veda,Terrell,45,Masculino,30645,15104400,Las Flores
599,Mikayla,Travis,34,Femenino,38908,16025132,Juarez
600,Violet,Buckley,40,Masculino,35911,25689190,Olavarria
601,Edward,Bentley,21,Femenino,24195,29929695,Loberia
602,Abraham,White,40,Femenino,42601,34645911,Bolivar
603,Xantha,Clemons,29,Femenino,38372,6456527,San Cayetano
604,Gage,Mckee,33,Masculino,20348,29710465,San Cayetano
605,Halee,Landry,25,Masculino,45831,12347547,San Cayetano
606,Buckminster,Meyer,39,Femenino,28157,9256815,Bolivar
607,Matias,Terrell,22,Femenino,18427,2141079,Chaves
608,Abraham,Bates,29,Femenino,20326,7630079,Ayacucho
609,Chandler,Salinas,38,Masculino,45976,38963306,Balcarce
610,Sebastian,Brognio,43,Masculino,45609,19857853,Juarez
611,Juan,Cervantes,35,Masculino,13790,19694183,Chaves
612,Cole,Travis,39,Masculino,25411,26422249,Bolivar
613,Moses,Marsh,39,Femenino,44281,6951073,Tandil
614,Gabriel,Fernandez,32,Masculino,41088,44244745,San Cayetano
615,Aaron,Harrison,40,Femenino,22763,3933451,Olavarria
616,Chelsea,Gill,26,Femenino,44721,6172199,Chaves
617,Margaret,Knight,27,Femenino,23086,13509910,Ayacucho
618,Preston,Shaeleigh,23,Masculino,37482,44751405,Loberia
619,Veda,Vance,24,Masculino,49921,40701831,Balcarce
620,Hop,Robles,41,Masculino,39479,6477661,Azul
621,Maisie,Hernandez,20,Femenino,40054,22439429,Juarez
622,Gabriel,McKenzie,31,Masculino,39050,21527374,Azul
623,Dean,Talley,23,Femenino,27102,7214364,Juarez
624,Carl,Boyd,38,Masculino,31173,23103240,Bolivar
625,Eden,Boyd,20,Femenino,29717,29222800,Tres Arroyos
626,Lani,Brognio,21,Masculino,36954,9891690,Tandil
627,Chelsea,Talley,40,Masculino,23926,11043940,Tres Arroyos
628,Cole,Mccoy,24,Masculino,21186,26354870,Tres Arroyos
629,Violet,Fernandez,45,Femenino,41254,41106996,Bolivar
630,Lamar,Travis,22,Femenino,24409,27643218,Tres Arroyos
631,Carlos,Marks,25,Femenino,25936,40805645,Tandil
632,Deborah,Boyd,23,Masculino,10628,19349972,Rauch
633,Brenna,Beach,21,Femenino,41102,37680057,Juarez
634,Carlos,Montoya,32,Femenino,42383,26156466,San Cayetano
635,Neville,Lindsey,25,Masculino,24178,5224989,Las Flores
636,Gay,Cooper,34,Femenino,30673,34698590,Chaves
637,Barry,Pires,40,Femenino,49069,16236389,San Cayetano
638,Edward,Brognio,21,Femenino,17741,11372210,Tres Arroyos
639,Honor,Hensley,33,Femenino,24409,5182049,Rauch
640,Desirae,Lopez,43,Masculino,44096,39481649,Rauch
641,Asher,Leach,40,Masculino,35372,43193529,Necochea
642,Halee,Hernandez,24,Femenino,45470,20403739,Rauch
643,Cheyenne,Blankenship,27,Femenino,47297,39711702,Balcarce
644,Preston,Patton,26,Femenino,17763,31214671,Balcarce
645,Juan,Perez,20,Femenino,43592,15577568,Las Flores
646,Dean,Conner,29,Femenino,45084,11822343,Loberia
647,Carl,Knight,44,Femenino,12897,12409437,Tandil
648,Lani,Blankenship,40,Femenino,33714,42918635,Balcarce
649,Desirae,Gill,42,Femenino,20805,30529359,Balcarce
650,Zahir,Franks,30,Femenino,28553,32959656,Olavarria
651,Edward,Lindsey,27,Masculino,23358,17442827,Olavarria
652,Hop,Sanford,22,Masculino,43061,41684357,Balcarce
653,Chelsea,Raymond,44,Masculino,31205,4099831,Coronel Suarez
654,Gabriel,McKenzie,27,Masculino,33051,39369769,Rauch
655,Simon,Chavez,37,Femenino,17186,28600568,Necochea
656,Barry,Bates,23,Masculino,12274,13812642,Tres Arroyos
657,Mikayla,Travis,28,Masculino,23308,14300244,Olavarria
658,Zahir,Walker,20,Masculino,16574,7730532,Necochea
659,Haviva,Stevenson,42,Femenino,26628,6124105,Ayacucho
660,Nomlanga,Perez,39,Masculino,45555,4739609,Tandil
661,Brenna,Dale,40,Masculino,33376,36451864,Olavarria
662,Mikayla,Da Costa,38,Masculino,47923,36331247,Loberia
663,Tad,Harmon,36,Femenino,46577,30061160,Chaves
664,Patrick,Shaeleigh,29,Masculino,29797,12715000,Juarez
665,Silvia,Perez,24,Masculino,38984,22339556,San Cayetano
666,Matthew,Justice,39,Femenino,24808,32892959,Rauch
667,Lacy,Bates,32,Femenino,19124,8356095,Rauch
668,Emerson,Gill,20,Masculino,40312,27390918,Bolivar
669,Haviva,Callahan,36,Masculino,26700,19914975,Tres Arroyos
670,Tad,Hale,23,Femenino,44786,4797870,Necochea
671,Halee,Hall,21,Femenino,12261,11848879,Loberia
672,Domingo,Mooney,33,Masculino,45756,19299349,Loberia
673,Abad,Hays,29,Masculino,46619,11517489,Azul
674,Veda,Hale,27,Femenino,33452,30065869,San Cayetano
675,Gretchen,Pratt,30,Femenino,44402,13192488,Rauch
676,Harding,Buckley,20,Femenino,39881,31848981,Juarez
677,Shafira,Caldwell,34,Masculino,14047,15384704,Bolivar
678,Lizete,Marks,21,Femenino,22843,5808967,Chaves
679,Seth,Humphrey,23,Masculino,18336,30617920,Balcarce
680,Silvia,Stevenson,41,Masculino,45540,39555178,Tandil
681,Moses,Hensley,41,Masculino,24936,32009404,Chaves
682,Aladdin,Robles,36,Femenino,10160,3218489,Necochea
683,Kiayada,Salinas,33,Masculino,38861,34676605,Bolivar
684,Juan,Davenport,40,Femenino,42968,17131699,Las Flores
685,Mikayla,Leach,18,Masculino,16641,40065932,Juarez
686,MacKensie,Cervantes,32,Femenino,12959,7795067,Tres Arroyos
687,Adria,Knight,19,Masculino,37757,36571807,Necochea
688,Eden,Talley,37,Masculino,49758,42018594,Tandil
689,Haviva,Gould,29,Masculino,49473,3376503,Olavarria
690,Talon,Buchanan,38,Masculino,11636,42318072,Chaves
691,Norman,Clemons,35,Femenino,37951,29053692,Las Flores
692,Halee,Gandara,20,Masculino,44003,23697840,Olavarria
693,Lizete,Rodriguez,22,Femenino,26929,10916661,Coronel Suarez
694,Brenna,Walker,23,Femenino,13555,11168869,Las Flores
695,Deborah,Hardy,40,Masculino,35613,4897114,Tres Arroyos
696,Margaret,Stevenson,20,Femenino,14960,43156762,Tres Arroyos
697,Ines,Ferreira,19,Femenino,33898,9769008,Las Flores
698,Robert,Walker,42,Femenino,45349,32271304,Las Flores
699,Gay,Harrison,40,Masculino,44598,31306703,Necochea
700,Abraham,Heath,32,Femenino,27179,39098827,Olavarria
701,Acton,Herring,29,Masculino,12068,40825629,Balcarce
702,Malcolm,Caldwell,29,Femenino,40935,10893093,San Cayetano
703,Haviva,Flores,34,Femenino,12054,12000720,San Cayetano
704,Dean,Flores,33,Masculino,34392,15972382,Necochea
705,Javier,Avila,22,Femenino,10637,17711990,Ayacucho
706,Candace,Camacho,31,Masculino,22494,36063337,Ayacucho
707,Talon,Doyle,35,Femenino,37208,30413207,Juarez
708,Juan,Gates,45,Masculino,38562,5990020,Coronel Suarez
709,Matthew,Copeland,22,Femenino,27902,40258899,Coronel Suarez
710,Cecilia,Clemons,18,Femenino,30145,26804133,Balcarce
711,Silvia,Guzman,33,Femenino,47204,44223285,Balcarce
712,Abraham,Schultz,19,Masculino,17353,7644636,Las Flores
713,Maria,Davenport,37,Masculino,15643,33284006,San Cayetano
714,Emma,Talley,21,Masculino,23276,10548289,Loberia
715,Damian,Mooney,34,Femenino,44589,33471084,Azul
716,MacKensie,Harmon,19,Masculino,39856,17192934,Chaves
717,Katelyn,Newton,37,Femenino,33228,40860580,Tandil
718,Robert,Mooney,35,Masculino,12457,4420412,Necochea
719,Carolina,Gallegos,24,Femenino,40417,38451573,San Cayetano
720,Edan,Pratt,23,Masculino,35780,30773005,Necochea
721,Lamar,Boyd,43,Femenino,12143,18248711,Azul
722,Richard,Hensley,27,Femenino,25612,20895179,Juarez
723,Damian,Humphrey,21,Masculino,25122,35190663,Tres Arroyos
724,Aladdin,Gandara,44,Femenino,17432,5049751,Loberia
725,Nomlanga,Oneil,24,Masculino,44244,40442863,Chaves
726,Carl,Rollins,38,Masculino,45568,13114353,Azul
727,Stewart,Harmon,19,Femenino,46218,8002320,Chaves
728,Lacy,Flores,19,Masculino,16614,4540353,Coronel Suarez
729,Katelyn,Herring,41,Masculino,18230,34449587,Loberia
730,Devin,Lott,41,Masculino,18353,28243158,Coronel Suarez
731,Domingo,Shaeleigh,20,Masculino,17553,14400958,Bolivar
732,MacKensie,Stevenson,19,Masculino,30211,39061583,Olavarria
733,Jolie,Chavez,33,Femenino,38986,19350487,Bolivar
734,Malcolm,Gould,22,Femenino,22604,40676860,Chaves
735,Violet,Domenech,37,Femenino,39264,30500263,Tandil
736,Katelyn,Stark,22,Masculino,28585,33061708,Olavarria
737,Emery,Farley,27,Femenino,13114,1727943,Balcarce
738,Richard,Leach,43,Masculino,30104,44269972,Olavarria
739,Lani,Chambers,42,Femenino,40718,2567662,San Cayetano
740,Carl,Blackwell,38,Masculino,49975,35351858,Las Flores
741,Buckminster,Sims,44,Femenino,31617,44534821,Juarez
742,Cecilia,Copeland,21,Femenino,16045,8253226,Balcarce
743,Gisela,Hale,24,Femenino,30678,16823002,Tres Arroyos
744,Veda,Newton,35,Masculino,21969,5135111,Olavarria
745,Carolina,Gallegos,38,Femenino,46905,42374368,Tres Arroyos
746,Acton,Cooper,42,Femenino,14754,11927537,Loberia
747,Malcolm,Rush,40,Masculino,29565,17470553,Olavarria
748,Kiayada,Brown,40,Masculino,17727,13846251,Olavarria
749,Roth,Justice,32,Masculino,26400,38222706,Azul
750,Silvia,Rush,38,Femenino,22633,27379374,Loberia
751,Honor,Hardy,24,Masculino,28100,23335359,Ayacucho
752,Georgia,Doyle,33,Masculino,49944,7160975,Bolivar
753,Domingo,Cooper,37,Femenino,28747,30873757,Necochea
754,Moses,Del Castillo,31,Femenino,24803,8948572,Necochea
755,Haviva,Browning,18,Masculino,24817,16537958,San Cayetano
756,Norman,Hall,40,Masculino,29692,35210564,Las Flores
757,Aaron,Gandara,22,Femenino,11216,25415223,Juarez
758,Aladdin,Heath,41,Masculino,25378,11997326,Juarez
759,Desirae,Duran,22,Femenino,21785,40985886,Tres Arroyos
760,Lani,Domenech,33,Femenino,10112,29746334,Ayacucho
761,Abad,Patton,40,Masculino,38165,44654101,Loberia
762,Buckminster,Mccoy,27,Femenino,33568,23878141,Tres Arroyos
763,Eaton,Hernandez,25,Femenino,43604,35285960,Bolivar
764,Halee,Dale,41,Masculino,16514,11737943,Coronel Suarez
765,Gary,Hobbs,20,Masculino,40444,21001531,Azul
766,Alana,Wells,30,Femenino,18749,3078822,Rauch
767,India,Mckee,25,Masculino,29111,1588155,Necochea
768,Malik,Blankenship,20,Femenino,34808,43660400,San Cayetano
769,Roth,Nolan,22,Masculino,14454,6099162,Ayacucho
770,Zahir,Hall,24,Masculino,17382,10734059,San Cayetano
771,Gretchen,McKenzie,25,Masculino,28422,30259969,Bolivar
772,Stefani,Wells,42,Femenino,49306,35326886,Azul
773,Aurora,Meyer,36,Masculino,27074,42222938,Olavarria
774,Dominique,Hardy,27,Femenino,13148,34035982,Azul
775,Talon,Browning,19,Femenino,39829,7959539,Azul
776,Emma,Cooper,27,Femenino,28753,42557836,Tandil
777,Gay,Travis,34,Femenino,48974,14435229,Balcarce
778,Javier,Flores,41,Femenino,38865,19550048,Chaves
779,Emerson,Harrison,38,Femenino,41761,8026333,Balcarce
780,Talon,Bates,42,Femenino,16081,37041377,Bolivar
781,Stefani,Perez,39,Masculino,33884,42372355,Chaves
782,Barry,Chavez,23,Masculino,44757,40447925,Necochea
783,Stefani,Callahan,29,Femenino,34401,17140074,Las Flores
784,Fiona,Callahan,26,Masculino,22692,11236143,Olavarria
785,Edward,Gandara,33,Femenino,35160,30052075,Necochea
786,Preston,Brewer,39,Masculino,42365,35805542,Bolivar
787,Lani,Hobbs,34,Masculino,43742,25311652,Chaves
788,Kieran,Copeland,35,Femenino,22221,12694623,Juarez
789,Seth,Conner,36,Femenino,23518,10564306,Azul
790,Domingo,Heath,40,Masculino,26844,21982246,Chaves
791,Lani,Caldwell,31,Femenino,17767,12664117,Necochea
792,Kieran,Boyd,29,Femenino,21561,8143579,San Cayetano
793,Alana,Caldwell,42,Femenino,41139,37568289,Coronel Suarez
794,Gay,Cervantes,35,Masculino,42664,4896064,Juarez
795,Devin,Herring,43,Femenino,40102,6737421,Rauch
796,Juan,Harmon,34,Femenino,38515,1247759,Loberia
797,Simon,Terrell,19,Femenino,37325,11560633,Bolivar
798,Aaron,Vance,36,Femenino,48644,18340269,Las Flores
799,Matias,Stevenson,40,Masculino,20897,4607416,Bolivar
800,Gretchen,Brown,31,Masculino,35824,36203998,Chaves
801,Gary,Gates,34,Femenino,19748,29101148,Chaves
802,Talon,Pratt,20,Masculino,38047,3148075,Azul
803,Carolina,Raymond,45,Masculino,37888,38347705,Las Flores
804,Xantha,Oneil,44,Femenino,10412,21164933,Tres Arroyos
805,Harding,Browning,37,Masculino,22788,38187053,Ayacucho
806,Stefani,Brewer,37,Femenino,17880,41404957,Tandil
807,Asher,Salinas,36,Masculino,32451,39282276,San Cayetano
808,Abad,Knight,21,Masculino,34527,43975036,Rauch
809,Deborah,Nolan,44,Masculino,40837,36151153,Necochea
810,Honor,Oneil,44,Masculino,28810,2232187,Chaves
811,Devin,Patton,27,Masculino,16182,10277447,Azul
812,Alana,Pires,41,Masculino,12058,5616182,San Cayetano
813,Adria,Dixon,26,Femenino,19398,41625733,San Cayetano
814,Brenna,Clemons,33,Masculino,33049,29120418,Coronel Suarez
815,Phoebe,Cervantes,44,Masculino,32909,17203451,Loberia
816,Dean,Hardy,37,Femenino,48707,15906035,San Cayetano
817,Lani,Brewer,18,Masculino,40674,11461431,Rauch
818,Gage,Ray,25,Masculino,12329,42578673,Coronel Suarez
819,Eaton,Camacho,34,Femenino,49219,33259121,Tandil
820,Tad,Pratt,26,Femenino,38705,7369512,Chaves
821,Gary,Franks,41,Masculino,22808,34019035,Las Flores
822,Buckminster,Harmon,23,Masculino,41531,28981889,Juarez
823,Matthew,Blackwell,39,Femenino,33511,4897442,Tandil
824,Gisela,Mueller,32,Femenino,23718,33812127,Coronel Suarez
825,Javier,Rush,35,Masculino,13305,30162113,Necochea
826,Alana,Rollins,41,Femenino,35757,21749157,Necochea
827,Stephanie,Sims,29,Masculino,49226,42415336,Juarez
828,Georgia,Lott,30,Masculino,41105,35363576,Juarez
829,Chelsea,Alvarado,36,Femenino,17114,37369591,Tandil
830,Tad,Brognio,38,Femenino,29651,41565112,Necochea
831,Gay,Sims,42,Masculino,32338,28877849,Chaves
832,Dominique,Marks,44,Femenino,29084,27430855,Bolivar
833,Ines,Del Castillo,32,Femenino,18726,20259880,Juarez
834,Norman,Meyer,44,Femenino,37453,22868402,Olavarria
835,Linus,Terrell,23,Masculino,46343,34935084,Ayacucho
836,Javier,Caldwell,38,Femenino,15469,34702359,Chaves
837,Irma,Lott,42,Masculino,35114,14071840,Juarez
838,Veda,Walker,24,Femenino,40764,16674008,Azul
839,Sebastian,Meyer,30,Femenino,49901,15459417,Balcarce
840,Georgia,Beach,36,Femenino,44459,37877776,Tandil
841,Carola,Hays,39,Masculino,32680,39282815,Rauch
842,Lizete,Dixon,32,Masculino,18251,16770104,Ayacucho
843,Lacy,Beach,42,Masculino,12953,33981275,Ayacucho
844,Harding,Domenech,41,Femenino,12589,7163285,Balcarce
845,Edan,Leach,39,Masculino,36370,12960238,Tres Arroyos
846,Domingo,Mooney,36,Masculino,47458,23835563,Azul
847,Haviva,Wells,35,Masculino,16550,25433464,Tres Arroyos
848,Graham,Harmon,42,Femenino,30309,32967421,Balcarce
849,Herman,Travis,32,Masculino,32952,22440716,Tandil
850,Preston,Chavez,42,Masculino,13634,16260582,Tandil
851,Margaret,Mooney,34,Masculino,49777,20927206,Balcarce
852,Hop,Hays,45,Femenino,19718,17460141,Necochea
853,Chelsea,Hale,34,Masculino,42941,31109224,Azul
854,Lacy,Gray,34,Femenino,33985,16620812,Juarez
855,Norman,Stark,36,Masculino,14092,23777323,Las Flores
856,Patrick,Lott,38,Masculino,41892,32516034,Loberia
857,Gage,Owen,31,Femenino,46996,41011036,Loberia
858,Aladdin,Powell,35,Masculino,27932,19854293,Chaves
859,Carola,Lopez,30,Masculino,41069,1369636,San Cayetano
860,Aaron,Harrison,43,Masculino,38793,16652228,Tres Arroyos
861,Desirae,Pires,32,Femenino,22609,22370164,Tandil
862,Acton,Buchanan,28,Masculino,14998,22820851,Olavarria
863,Stewart,Buchanan,23,Femenino,23902,12320454,Coronel Suarez
864,Hop,Del Castillo,45,Masculino,35127,42492494,Ayacucho
865,Georgia,Chavez,39,Masculino,15727,18210609,Las Flores
866,Domingo,Browning,25,Masculino,21621,13085067,Juarez
867,Domingo,Foster,37,Masculino,16261,30916116,Bolivar
868,Veda,Conner,18,Masculino,14613,38241152,Olavarria
869,Desirae,Domenech,41,Femenino,19460,12780390,San Cayetano
870,Tad,Chavez,35,Femenino,46689,26656768,Ayacucho
871,Candace,Blackwell,24,Femenino,23933,6439904,Tres Arroyos
872,Harding,Pratt,23,Masculino,22970,8633817,Chaves
873,Aladdin,Santiguez,35,Masculino,18343,6963295,Las Flores
874,Emerson,Gandara,18,Masculino,12829,43646957,Tres Arroyos
875,Zahir,Terrell,35,Masculino,25404,37694224,Olavarria
876,Gage,Patton,43,Femenino,36547,19446647,Olavarria
877,Lamar,Duran,41,Femenino,41645,31129509,Balcarce
878,Desirae,Farley,24,Masculino,16430,2752401,Chaves
879,Iris,Flores,40,Masculino,46921,4807746,San Cayetano
880,Cole,Hardy,25,Masculino,10856,11091661,Rauch
881,Chelsea,Walker,40,Femenino,12995,42523732,Necochea
882,Desirae,Brewer,23,Femenino,44139,3368633,Tres Arroyos
883,Haviva,Walker,32,Masculino,25732,34080379,Balcarce
884,Ira,Owen,18,Masculino,47375,44102857,San Cayetano
885,Irma,Mckee,41,Masculino,26180,11918120,Rauch
886,Phoebe,Gates,36,Masculino,47011,3148841,Bolivar
887,Chelsea,Hardy,45,Femenino,22154,24563164,Bolivar
888,Carlos,Perez,43,Masculino,29838,12826225,Juarez
889,Carola,Dixon,24,Masculino,18178,39267323,Olavarria
890,Tad,Patton,18,Femenino,15769,31175220,Juarez
891,Mikayla,Stark,27,Masculino,46720,7095871,Loberia
892,Moses,Murphy,29,Masculino,22851,18766455,Ayacucho
893,Brenna,Knight,20,Femenino,10629,14094123,Tandil
894,Stewart,Humphrey,40,Masculino,41548,34389565,Chaves
895,Silvia,Harrison,33,Femenino,33145,22431847,Ayacucho
896,MacKensie,Perez,30,Masculino,35979,18413955,Bolivar
897,Matias,Gould,43,Femenino,29654,36706637,Juarez
898,Patrick,Gallegos,40,Femenino,36256,9341456,Tandil
899,Iris,Clemons,33,Femenino,30950,14267774,Ayacucho
900,Silvia,Clemons,30,Femenino,35597,38378040,Loberia
901,Erin,Cooper,37,Masculino,11498,14901742,Azul
902,Cole,Newton,33,Masculino,25190,42055124,Rauch
903,Eaton,Ferreira,36,Femenino,33538,15065339,Ayacucho
904,Lamar,Brown,43,Masculino,14628,21685463,Bolivar
905,Abad,Gates,21,Femenino,17788,15744362,San Cayetano
906,Veda,Copeland,42,Femenino,31692,8890132,Rauch
907,Eaton,Boyd,34,Masculino,38158,15302391,Balcarce
908,Lani,Rollins,29,Femenino,26891,36968179,Tres Arroyos
909,Chandler,Shaeleigh,43,Masculino,39195,38328453,Rauch
910,Steel,Gandara,35,Femenino,29690,24476287,Coronel Suarez
911,Norman,Bentley,35,Femenino,33619,22022997,Juarez
912,Carlos,Beach,31,Femenino,38141,7560065,Necochea
913,Aaron,Blankenship,32,Masculino,40101,6322983,Tandil
914,Robert,Perez,27,Femenino,44650,3139673,Olavarria
915,Deborah,Bray,29,Femenino,29779,32068903,Rauch
916,Buckminster,Heath,40,Femenino,39977,1649540,Olavarria
917,Steel,Boyd,24,Masculino,49410,30784943,Bolivar
918,Adria,Fernandez,30,Masculino,36940,1704544,Olavarria
919,Emery,Montoya,19,Femenino,19741,35169233,Tandil
920,Pandora,Rollins,19,Masculino,35661,21593347,Tres Arroyos
921,Cecilia,Herring,34,Masculino,33919,35981322,Tres Arroyos
922,Gisela,Humphrey,24,Masculino,23864,26354779,Azul
923,Cecilia,Boyd,21,Masculino,21355,13940855,Loberia
924,Fiona,Bray,35,Femenino,38465,24286491,Rauch
925,Desirae,Pires,28,Femenino,40732,2603278,Chaves
926,MacKensie,Hensley,28,Femenino,27572,14768875,Rauch
927,Vera,Camacho,28,Femenino,39044,10208668,Ayacucho
928,Gabriel,Gould,35,Femenino,43549,25104152,Rauch
929,Lacy,Davenport,38,Femenino,23936,5378113,Las Flores
930,Javier,Gallegos,26,Masculino,35775,38204052,Chaves
931,Acton,Powell,40,Femenino,40134,22893154,Las Flores
932,Vera,Wells,32,Masculino,43436,1783585,San Cayetano
933,Carl,Shaeleigh,37,Femenino,38375,1288427,Balcarce
934,Javier,Harrison,45,Masculino,30717,34597691,Chaves
935,Desirae,Bentley,32,Femenino,11774,18431883,Necochea
936,Chandler,Mueller,22,Masculino,35048,9297414,Rauch
937,Gisela,Justice,43,Masculino,49554,25792767,Tres Arroyos
938,Richard,Franks,40,Femenino,39014,35878488,Olavarria
939,Kiayada,Johnston,24,Femenino,15213,5902229,San Cayetano
940,MacKensie,Bray,35,Femenino,12818,33284340,Necochea
941,Aladdin,Murphy,42,Masculino,33837,19008293,Tandil
942,Eaton,Stevenson,34,Masculino,41004,21334857,Juarez
943,Brenna,Terrell,34,Femenino,43587,6894403,Rauch
944,Candace,Harrison,20,Masculino,37787,20549239,Necochea
945,Eaton,Sanford,23,Femenino,46821,12563463,Azul
946,Abraham,Harrison,28,Masculino,12946,3074748,Balcarce
947,Richard,Marks,32,Masculino,17571,9947000,Rauch
948,Robert,Heath,23,Femenino,16663,33121713,Olavarria
949,India,Doyle,21,Femenino,40342,35357420,Loberia
950,Maria,Clemons,38,Masculino,38907,35328706,Olavarria
951,Malcolm,Gandara,21,Masculino,20137,27801573,Loberia
952,Erin,Perez,19,Femenino,17709,22770617,Tres Arroyos
953,Maria,Marks,25,Femenino,49846,11172757,Ayacucho
954,Harding,Lopez,24,Femenino,41352,40597138,Chaves
955,Malik,Camacho,30,Masculino,37321,41458341,Las Flores
956,Candace,Blackwell,29,Femenino,31881,23911673,Tres Arroyos
957,Iris,Avila,18,Femenino,33915,13179525,Bolivar
958,Abad,Avila,42,Femenino,40528,5422931,Ayacucho
959,Buckminster,Rodriguez,24,Femenino,36340,13021999,Olavarria
960,Eaton,Hays,19,Masculino,18027,15516216,Juarez
961,Abad,Vance,30,Femenino,46491,28040824,San Cayetano
962,Cole,Gill,27,Masculino,42326,26882154,Loberia
963,Katelyn,Sutton,42,Femenino,15543,9414644,Juarez
964,Honor,Murphy,24,Femenino,10053,44731291,Tres Arroyos
965,Asher,Walker,27,Masculino,39923,26584009,Necochea
966,Violet,Lopez,41,Femenino,32907,41328292,Bolivar
967,Kiayada,Nolan,30,Masculino,22608,20202187,Las Flores
968,Pandora,Golden,23,Femenino,11787,5254618,Loberia
969,Domingo,Hobbs,34,Femenino,33218,32436528,Las Flores
970,Desirae,Gould,20,Femenino,45521,7299557,Chaves
971,Halee,Chambers,18,Femenino,18035,27031205,Rauch
972,Stefani,Hobbs,37,Masculino,41911,21872743,Tandil
973,Asher,Dale,27,Femenino,34934,10441605,Juarez
974,Cecilia,Avila,38,Femenino,20959,41604015,Ayacucho
975,Robert,Gallegos,26,Femenino,20444,4505044,Azul
976,Erin,Johnston,20,Masculino,16653,7566430,Juarez
977,Vera,Rush,26,Femenino,23926,18466444,Balcarce
978,Domingo,Farley,35,Femenino,47806,25433842,Necochea
979,Gretchen,Farley,29,Masculino,48311,43941014,Coronel Suarez
980,Matthew,Chambers,42,Femenino,12057,4414630,Juarez
981,Gisela,Dale,38,Femenino,23731,33194332,Bolivar
982,Carlos,Gates,19,Femenino,22123,31527804,Las Flores
983,Alana,Blackwell,23,Masculino,49698,20544914,Olavarria
984,Honor,Hensley,26,Masculino,30477,6186675,Bolivar
985,Halee,Franks,23,Masculino,17606,27052015,Las Flores
986,Eaton,Alvarado,21,Masculino,48432,3900014,Rauch
987,Nomlanga,Davenport,18,Masculino,47219,25514679,Bolivar
988,Desirae,Johnston,41,Femenino,27552,39002035,San Cayetano
989,Aurora,Justice,27,Femenino,21336,34764879,San Cayetano
990,Patrick,Flores,39,Masculino,14828,4283380,Bolivar
991,Stefani,Bates,36,Masculino,39865,18041778,Coronel Suarez
992,Eden,Callahan,21,Masculino,36287,24757859,Loberia
993,Carolina,Alvarado,42,Femenino,19682,38754977,Rauch
994,Harding,Browning,28,Masculino,34815,30397606,Chaves
995,Margaret,Mueller,39,Masculino,36500,23517085,Ayacucho
996,Ira,Justice,30,Femenino,33935,20376695,Tres Arroyos
997,Aladdin,Chambers,35,Masculino,39871,40900616,Ayacucho
998,Lance,Santiguez,43,Femenino,16863,20844432,Balcarce
999,Acton,Rush,44,Masculino,27746,26267292,Rauch
1000,Dominique,Bentley,21,Femenino,15250,40110123,Tres Arroyos